TEST, , , ,0,Endpoint de prueba
TEST, , , ,0,Endpoint de prueba
2026-01-28T14:48:48.984Z,13,::ffff:172.18.0.1,"Mozilla/5.0 (Windows NT 10.0; Win64; x64) AppleWebKit/537.36 (KHTML, like Gecko) Chrome/143.0.0.0 Safari/537.36",1,Login exitoso
2026-01-28T14:52:20.379Z,14,::ffff:172.18.0.1,"Mozilla/5.0 (Windows NT 10.0; Win64; x64) AppleWebKit/537.36 (KHTML, like Gecko) Chrome/143.0.0.0 Safari/537.36",1,Login exitoso
2026-01-28T15:09:19.900Z,,::ffff:172.18.0.1,"Mozilla/5.0 (Windows NT 10.0; Win64; x64) AppleWebKit/537.36 (KHTML, like Gecko) Chrome/143.0.0.0 Safari/537.36",0,Usuario no encontrado
2026-01-28T15:09:23.597Z,,::ffff:172.18.0.1,"Mozilla/5.0 (Windows NT 10.0; Win64; x64) AppleWebKit/537.36 (KHTML, like Gecko) Chrome/143.0.0.0 Safari/537.36",0,Usuario no encontrado
2026-01-28T15:11:04.070Z,69,::ffff:172.18.0.1,"Mozilla/5.0 (Windows NT 10.0; Win64; x64) AppleWebKit/537.36 (KHTML, like Gecko) Chrome/143.0.0.0 Safari/537.36",1,Login exitoso
2026-01-28T15:35:19.330Z,,::ffff:172.18.0.1,"Mozilla/5.0 (Windows NT 10.0; Win64; x64) AppleWebKit/537.36 (KHTML, like Gecko) Chrome/143.0.0.0 Safari/537.36",0,Usuario no encontrado
2026-01-28T15:37:31.991Z,69,::ffff:172.18.0.1,"Mozilla/5.0 (Windows NT 10.0; Win64; x64) AppleWebKit/537.36 (KHTML, like Gecko) Chrome/143.0.0.0 Safari/537.36",1,Login exitoso
2026-01-28T16:07:22.131Z,1,::ffff:172.18.0.1,"Mozilla/5.0 (Windows NT 10.0; Win64; x64) AppleWebKit/537.36 (KHTML, like Gecko) Chrome/143.0.0.0 Safari/537.36",1,Login exitoso
2026-01-28T16:07:39.231Z,2,::ffff:172.18.0.1,"Mozilla/5.0 (Windows NT 10.0; Win64; x64) AppleWebKit/537.36 (KHTML, like Gecko) Chrome/143.0.0.0 Safari/537.36",1,Login exitoso
2026-01-28T16:11:36.295Z,,::ffff:172.18.0.1,"Mozilla/5.0 (Windows NT 10.0; Win64; x64) AppleWebKit/537.36 (KHTML, like Gecko) Chrome/143.0.0.0 Safari/537.36",0,Usuario no encontrado
2026-01-28T16:11:43.654Z,1,::ffff:172.18.0.1,"Mozilla/5.0 (Windows NT 10.0; Win64; x64) AppleWebKit/537.36 (KHTML, like Gecko) Chrome/143.0.0.0 Safari/537.36",1,Login exitoso
2026-01-28T16:18:15.521Z,1,::ffff:172.18.0.1,"Mozilla/5.0 (Windows NT 10.0; Win64; x64) AppleWebKit/537.36 (KHTML, like Gecko) Chrome/143.0.0.0 Safari/537.36",1,Login exitoso
2026-01-28T16:41:53.941Z,1,::ffff:172.18.0.1,"Mozilla/5.0 (Windows NT 10.0; Win64; x64) AppleWebKit/537.36 (KHTML, like Gecko) Chrome/143.0.0.0 Safari/537.36",1,Login exitoso
2026-01-28T17:45:08.615Z,12,::ffff:172.18.0.1,"Mozilla/5.0 (Windows NT 10.0; Win64; x64) AppleWebKit/537.36 (KHTML, like Gecko) Chrome/143.0.0.0 Safari/537.36",1,Login exitoso
2026-01-28T17:46:31.023Z,1,::ffff:172.18.0.1,"Mozilla/5.0 (Windows NT 10.0; Win64; x64) AppleWebKit/537.36 (KHTML, like Gecko) Chrome/143.0.0.0 Safari/537.36",1,Login exitoso
2026-01-28T17:57:23.019Z,,::ffff:172.18.0.1,"Mozilla/5.0 (Windows NT 10.0; Win64; x64) AppleWebKit/537.36 (KHTML, like Gecko) Chrome/143.0.0.0 Safari/537.36",0,Faltan credenciales
2026-01-28T17:57:28.478Z,12,::ffff:172.18.0.1,"Mozilla/5.0 (Windows NT 10.0; Win64; x64) AppleWebKit/537.36 (KHTML, like Gecko) Chrome/143.0.0.0 Safari/537.36",1,Login exitoso
2026-01-28T18:03:29.924Z,12,::ffff:172.18.0.1,"Mozilla/5.0 (Windows NT 10.0; Win64; x64) AppleWebKit/537.36 (KHTML, like Gecko) Chrome/143.0.0.0 Safari/537.36",1,Login exitoso
2026-01-28T18:04:06.287Z,,::ffff:172.18.0.1,"Mozilla/5.0 (Windows NT 10.0; Win64; x64) AppleWebKit/537.36 (KHTML, like Gecko) Chrome/143.0.0.0 Safari/537.36",0,Usuario no encontrado
2026-01-28T18:04:18.286Z,12,::ffff:172.18.0.1,"Mozilla/5.0 (Windows NT 10.0; Win64; x64) AppleWebKit/537.36 (KHTML, like Gecko) Chrome/143.0.0.0 Safari/537.36",1,Login exitoso
2026-01-28T18:05:45.220Z,12,::ffff:172.18.0.1,"Mozilla/5.0 (Windows NT 10.0; Win64; x64) AppleWebKit/537.36 (KHTML, like Gecko) Chrome/143.0.0.0 Safari/537.36",1,Login exitoso
2026-01-28T18:08:27.276Z,,::ffff:172.18.0.1,"Mozilla/5.0 (Windows NT 10.0; Win64; x64) AppleWebKit/537.36 (KHTML, like Gecko) Chrome/143.0.0.0 Safari/537.36",0,Usuario no encontrado
2026-01-28T18:08:31.110Z,12,::ffff:172.18.0.1,"Mozilla/5.0 (Windows NT 10.0; Win64; x64) AppleWebKit/537.36 (KHTML, like Gecko) Chrome/143.0.0.0 Safari/537.36",1,Login exitoso
2026-01-28T18:09:38.432Z,12,::ffff:172.18.0.1,"Mozilla/5.0 (Windows NT 10.0; Win64; x64) AppleWebKit/537.36 (KHTML, like Gecko) Chrome/143.0.0.0 Safari/537.36",1,Login exitoso
2026-01-30T15:37:59.666Z,,::ffff:172.18.0.1,"Mozilla/5.0 (Windows NT 10.0; Win64; x64) AppleWebKit/537.36 (KHTML, like Gecko) Chrome/144.0.0.0 Safari/537.36",0,Usuario no encontrado
2026-01-30T15:38:05.268Z,,::ffff:172.18.0.1,"Mozilla/5.0 (Windows NT 10.0; Win64; x64) AppleWebKit/537.36 (KHTML, like Gecko) Chrome/144.0.0.0 Safari/537.36",0,Usuario no encontrado
2026-01-30T15:38:10.310Z,,::ffff:172.18.0.1,"Mozilla/5.0 (Windows NT 10.0; Win64; x64) AppleWebKit/537.36 (KHTML, like Gecko) Chrome/144.0.0.0 Safari/537.36",0,Usuario no encontrado
2026-01-30T15:38:32.078Z,12,::ffff:172.18.0.1,"Mozilla/5.0 (Windows NT 10.0; Win64; x64) AppleWebKit/537.36 (KHTML, like Gecko) Chrome/144.0.0.0 Safari/537.36",0,Contrase√±a incorrecta
2026-01-30T15:38:37.159Z,12,::ffff:172.18.0.1,"Mozilla/5.0 (Windows NT 10.0; Win64; x64) AppleWebKit/537.36 (KHTML, like Gecko) Chrome/144.0.0.0 Safari/537.36",1,Login exitoso
2026-01-30T15:39:11.553Z,1,::ffff:172.18.0.1,"Mozilla/5.0 (Windows NT 10.0; Win64; x64) AppleWebKit/537.36 (KHTML, like Gecko) Chrome/144.0.0.0 Safari/537.36",1,Login exitoso
2026-01-30T20:53:50.135Z,1,::ffff:172.18.0.1,"Mozilla/5.0 (Windows NT 10.0; Win64; x64) AppleWebKit/537.36 (KHTML, like Gecko) Chrome/144.0.0.0 Safari/537.36",1,Login exitoso
2026-01-30T21:31:24.665Z,6,::ffff:172.18.0.1,"Mozilla/5.0 (Windows NT 10.0; Win64; x64) AppleWebKit/537.36 (KHTML, like Gecko) Chrome/144.0.0.0 Safari/537.36",1,Login exitoso
2026-01-30T21:38:25.499Z,12,::ffff:172.18.0.1,"Mozilla/5.0 (Windows NT 10.0; Win64; x64) AppleWebKit/537.36 (KHTML, like Gecko) Chrome/144.0.0.0 Safari/537.36",1,Login exitoso
2026-01-30T21:39:42.554Z,1,::ffff:172.18.0.1,"Mozilla/5.0 (Windows NT 10.0; Win64; x64) AppleWebKit/537.36 (KHTML, like Gecko) Chrome/144.0.0.0 Safari/537.36",1,Login exitoso2026-02-06T14:38:53.544Z,,::ffff:172.18.0.1,"Mozilla/5.0 (Windows NT 10.0; Win64; x64) AppleWebKit/537.36 (KHTML, like Gecko) Chrome/144.0.0.0 Safari/537.36",0,Usuario no encontrado
2026-02-06T14:39:38.642Z,53,::ffff:172.18.0.1,"Mozilla/5.0 (Windows NT 10.0; Win64; x64) AppleWebKit/537.36 (KHTML, like Gecko) Chrome/144.0.0.0 Safari/537.36",1,Login exitoso
2026-02-06T14:42:08.791Z,1,::ffff:172.18.0.1,"Mozilla/5.0 (Windows NT 10.0; Win64; x64) AppleWebKit/537.36 (KHTML, like Gecko) Chrome/144.0.0.0 Safari/537.36",1,Login exitoso
2026-02-06T14:43:09.352Z,54,::ffff:172.18.0.1,"Mozilla/5.0 (Windows NT 10.0; Win64; x64) AppleWebKit/537.36 (KHTML, like Gecko) Chrome/144.0.0.0 Safari/537.36",1,Login exitoso
2026-02-06T14:44:12.182Z,1,::ffff:172.18.0.1,"Mozilla/5.0 (Windows NT 10.0; Win64; x64) AppleWebKit/537.36 (KHTML, like Gecko) Chrome/144.0.0.0 Safari/537.36",1,Login exitoso
2026-02-06T15:04:08.288Z,1,::ffff:172.18.0.1,"Mozilla/5.0 (Windows NT 10.0; Win64; x64) AppleWebKit/537.36 (KHTML, like Gecko) Chrome/144.0.0.0 Safari/537.36",1,Login exitoso
2026-02-06T21:11:41.281Z,1,::ffff:172.18.0.1,"Mozilla/5.0 (Windows NT 10.0; Win64; x64) AppleWebKit/537.36 (KHTML, like Gecko) Chrome/144.0.0.0 Safari/537.36",1,Login exitoso
2026-02-06T21:12:58.885Z,1,::ffff:172.18.0.1,"Mozilla/5.0 (Windows NT 10.0; Win64; x64) AppleWebKit/537.36 (KHTML, like Gecko) Chrome/144.0.0.0 Safari/537.36",1,Login exitoso
2026-02-06T21:15:16.289Z,1,::ffff:172.18.0.1,"Mozilla/5.0 (Windows NT 10.0; Win64; x64) AppleWebKit/537.36 (KHTML, like Gecko) Chrome/144.0.0.0 Safari/537.36",1,Login exitoso
2026-02-06T21:15:33.321Z,54,::ffff:172.18.0.1,"Mozilla/5.0 (Windows NT 10.0; Win64; x64) AppleWebKit/537.36 (KHTML, like Gecko) Chrome/144.0.0.0 Safari/537.36",1,Login exitoso
2026-02-06T21:16:19.581Z,1,::ffff:172.18.0.1,"Mozilla/5.0 (Windows NT 10.0; Win64; x64) AppleWebKit/537.36 (KHTML, like Gecko) Chrome/144.0.0.0 Safari/537.36",1,Login exitoso
2026-02-16T15:40:25.307Z,1,::ffff:172.18.0.1,"Mozilla/5.0 (Windows NT 10.0; Win64; x64) AppleWebKit/537.36 (KHTML, like Gecko) Chrome/144.0.0.0 Safari/537.36",1,Login exitoso
2026-02-16T16:52:37.539Z,1,::ffff:172.18.0.1,"Mozilla/5.0 (Windows NT 10.0; Win64; x64) AppleWebKit/537.36 (KHTML, like Gecko) Chrome/144.0.0.0 Safari/537.36",1,Login exitoso
2026-02-16T17:06:29.925Z,,::ffff:172.18.0.1,"Mozilla/5.0 (Windows NT 10.0; Win64; x64) AppleWebKit/537.36 (KHTML, like Gecko) Chrome/144.0.0.0 Safari/537.36",0,Usuario no encontrado
2026-02-16T17:06:34.061Z,,::ffff:172.18.0.1,"Mozilla/5.0 (Windows NT 10.0; Win64; x64) AppleWebKit/537.36 (KHTML, like Gecko) Chrome/144.0.0.0 Safari/537.36",0,Usuario no encontrado
2026-02-16T17:06:39.379Z,,::ffff:172.18.0.1,"Mozilla/5.0 (Windows NT 10.0; Win64; x64) AppleWebKit/537.36 (KHTML, like Gecko) Chrome/144.0.0.0 Safari/537.36",0,Usuario no encontrado
2026-02-16T17:06:40.825Z,,::ffff:172.18.0.1,"Mozilla/5.0 (Windows NT 10.0; Win64; x64) AppleWebKit/537.36 (KHTML, like Gecko) Chrome/144.0.0.0 Safari/537.36",0,Usuario no encontrado
2026-02-16T17:06:44.575Z,12,::ffff:172.18.0.1,"Mozilla/5.0 (Windows NT 10.0; Win64; x64) AppleWebKit/537.36 (KHTML, like Gecko) Chrome/144.0.0.0 Safari/537.36",1,Login exitoso
2026-02-16T17:21:03.943Z,1,::ffff:172.18.0.1,"Mozilla/5.0 (Windows NT 10.0; Win64; x64) AppleWebKit/537.36 (KHTML, like Gecko) Chrome/144.0.0.0 Safari/537.36",1,Login exitoso
2026-02-17T17:37:32.713Z,1,::ffff:172.18.0.1,"Mozilla/5.0 (Windows NT 10.0; Win64; x64) AppleWebKit/537.36 (KHTML, like Gecko) Chrome/144.0.0.0 Safari/537.36",1,Login exitoso
2026-02-17T17:43:37.739Z,1,::ffff:172.18.0.1,"Mozilla/5.0 (Windows NT 10.0; Win64; x64) AppleWebKit/537.36 (KHTML, like Gecko) Chrome/144.0.0.0 Safari/537.36",1,Login exitoso
2026-02-18T14:29:58.018Z,1,::ffff:172.18.0.1,"Mozilla/5.0 (Windows NT 10.0; Win64; x64) AppleWebKit/537.36 (KHTML, like Gecko) Chrome/144.0.0.0 Safari/537.36",1,Login exitoso
2026-02-18T15:19:12.716Z,1,::ffff:172.18.0.1,"Mozilla/5.0 (Windows NT 10.0; Win64; x64) AppleWebKit/537.36 (KHTML, like Gecko) Chrome/144.0.0.0 Safari/537.36",1,Login exitoso
2026-02-18T15:19:12.760Z,1,::ffff:172.18.0.1,"Mozilla/5.0 (Windows NT 10.0; Win64; x64) AppleWebKit/537.36 (KHTML, like Gecko) Chrome/144.0.0.0 Safari/537.36",1,Login exitoso
2026-02-18T15:19:17.219Z,1,::ffff:172.18.0.1,"Mozilla/5.0 (Windows NT 10.0; Win64; x64) AppleWebKit/537.36 (KHTML, like Gecko) Chrome/144.0.0.0 Safari/537.36",1,Login exitoso
2026-02-18T15:23:42.320Z,,::ffff:172.18.0.1,"Mozilla/5.0 (Windows NT 10.0; Win64; x64) AppleWebKit/537.36 (KHTML, like Gecko) Chrome/144.0.0.0 Safari/537.36",0,Usuario no encontrado
2026-02-18T15:23:50.824Z,12,::ffff:172.18.0.1,"Mozilla/5.0 (Windows NT 10.0; Win64; x64) AppleWebKit/537.36 (KHTML, like Gecko) Chrome/144.0.0.0 Safari/537.36",1,Login exitoso
2026-02-18T15:43:32.461Z,1,::ffff:172.18.0.1,"Mozilla/5.0 (Windows NT 10.0; Win64; x64) AppleWebKit/537.36 (KHTML, like Gecko) Chrome/144.0.0.0 Safari/537.36",1,Login exitoso
2026-02-18T16:04:40.317Z,12,::ffff:172.18.0.1,"Mozilla/5.0 (Windows NT 10.0; Win64; x64) AppleWebKit/537.36 (KHTML, like Gecko) Chrome/144.0.0.0 Safari/537.36",1,Login exitoso
2026-02-18T16:48:44.814Z,12,::ffff:172.18.0.1,"Mozilla/5.0 (Windows NT 10.0; Win64; x64) AppleWebKit/537.36 (KHTML, like Gecko) Chrome/144.0.0.0 Safari/537.36",1,Login exitoso
2026-02-18T16:49:43.378Z,12,::ffff:172.18.0.1,"Mozilla/5.0 (Windows NT 10.0; Win64; x64) AppleWebKit/537.36 (KHTML, like Gecko) Chrome/144.0.0.0 Safari/537.36",1,Login exitoso
2026-02-18T17:04:10.900Z,1,::ffff:172.18.0.1,"Mozilla/5.0 (Windows NT 10.0; Win64; x64) AppleWebKit/537.36 (KHTML, like Gecko) Chrome/144.0.0.0 Safari/537.36",1,Login exitoso
2026-02-18T17:10:18.687Z,12,::ffff:172.18.0.1,"Mozilla/5.0 (Windows NT 10.0; Win64; x64) AppleWebKit/537.36 (KHTML, like Gecko) Chrome/144.0.0.0 Safari/537.36",1,Login exitoso
2026-02-18T17:12:40.108Z,1,::ffff:172.18.0.1,"Mozilla/5.0 (Windows NT 10.0; Win64; x64) AppleWebKit/537.36 (KHTML, like Gecko) Chrome/144.0.0.0 Safari/537.36",1,Login exitoso
2026-02-18T17:52:57.712Z,12,::ffff:172.18.0.1,"Mozilla/5.0 (Windows NT 10.0; Win64; x64) AppleWebKit/537.36 (KHTML, like Gecko) Chrome/144.0.0.0 Safari/537.36",1,Login exitoso
2026-02-18T17:55:18.592Z,1,::ffff:172.18.0.1,"Mozilla/5.0 (Windows NT 10.0; Win64; x64) AppleWebKit/537.36 (KHTML, like Gecko) Chrome/144.0.0.0 Safari/537.36",1,Login exitoso
2026-02-18T18:49:25.535Z,1,::ffff:172.18.0.1,"Mozilla/5.0 (Windows NT 10.0; Win64; x64) AppleWebKit/537.36 (KHTML, like Gecko) Chrome/144.0.0.0 Safari/537.36",1,Login exitoso
